Job Title,url,Question
Ferryboat Captain,https://interviewprep.org/captain-interview-questions/,What experience do you have in leading a team of people?
Ferryboat Captain,https://interviewprep.org/captain-interview-questions/,How would you handle a situation where two members of the crew are in disagreement over how to complete a task?
Ferryboat Captain,https://interviewprep.org/captain-interview-questions/,What strategies do you use to ensure safety on board the vessel?
Ferryboat Captain,https://interviewprep.org/captain-interview-questions/,How do you motivate and inspire your crew during long voyages or challenging conditions?
Ferryboat Captain,https://interviewprep.org/captain-interview-questions/,"What is your experience with navigation, charting, and plotting courses?"
Ferryboat Captain,https://interviewprep.org/captain-interview-questions/,Are you familiar with the latest technologies used for communication and navigation?
Ferryboat Captain,https://interviewprep.org/captain-interview-questions/,How do you manage stress and fatigue while on duty?
Ferryboat Captain,https://interviewprep.org/captain-interview-questions/,What steps do you take to prepare for unexpected weather changes or other emergencies?
Ferryboat Captain,https://interviewprep.org/captain-interview-questions/,How do you handle conflicts between crew members?
Ferryboat Captain,https://interviewprep.org/captain-interview-questions/,What strategies do you use to maintain morale among the crew?
Ferryboat Captain,https://interviewprep.org/captain-interview-questions/,How do you stay informed about new developments in the industry?
Ferryboat Captain,https://interviewprep.org/captain-interview-questions/,What experience do you have with managing budgets and resources?
Ferryboat Captain,https://interviewprep.org/captain-interview-questions/,How do you ensure that all crew members are following safety protocols?
Ferryboat Captain,https://interviewprep.org/captain-interview-questions/,What strategies do you use to keep up with maintenance tasks and repairs?
Ferryboat Captain,https://interviewprep.org/captain-interview-questions/,How do you handle passengers who may be disruptive or unruly?
Ferryboat Captain,https://interviewprep.org/captain-interview-questions/,What experience do you have with handling hazardous materials?
Ferryboat Captain,https://resumecat.com/career/boat-captain/interview-questions,Responsibility: A boat captain must be responsible for the safety of their crew and passengers at all times.”What is your experience as a boat captain?
Ferryboat Captain,https://resumecat.com/career/boat-captain/interview-questions,"If you start to feel seasick, lie down and close your eyes.”What are your favorite and least favorite aspects of being a boat captain?"
Ferryboat Captain,https://climbtheladder.com/yacht-captain-interview-questions/,Are you comfortable working with a team of people on a regular basis?
Ferryboat Captain,https://climbtheladder.com/yacht-captain-interview-questions/,What are some of the most important skills a yacht captain can have?
Ferryboat Captain,https://climbtheladder.com/yacht-captain-interview-questions/,How would you handle a situation where a crew member was not following company policies or procedures?
Ferryboat Captain,https://climbtheladder.com/yacht-captain-interview-questions/,What is your experience with marine navigation systems and other technologies used on yachts?
Ferryboat Captain,https://climbtheladder.com/yacht-captain-interview-questions/,"If hired, what would be your primary areas of focus as a yacht captain?"
Ferryboat Captain,https://climbtheladder.com/yacht-captain-interview-questions/,What would you do if you saw a storm approaching while you were out on the water?
Ferryboat Captain,https://climbtheladder.com/yacht-captain-interview-questions/,How well do you communicate verbally and in writing?
Ferryboat Captain,https://climbtheladder.com/yacht-captain-interview-questions/,Do you have a valid license to operate a yacht?
Ferryboat Captain,https://climbtheladder.com/yacht-captain-interview-questions/,When is it appropriate to call for emergency assistance?
Ferryboat Captain,https://climbtheladder.com/yacht-captain-interview-questions/,We want to maintain a positive company culture. How would you encourage teamwork among the crew?
Ferryboat Captain,https://climbtheladder.com/yacht-captain-interview-questions/,What makes you stand out from other yacht captains?
Ferryboat Captain,https://climbtheladder.com/yacht-captain-interview-questions/,Which types of boats have you worked on in the past?
Ferryboat Captain,https://climbtheladder.com/yacht-captain-interview-questions/,What do you think is the most important attribute for a successful yacht captain?
Ferryboat Captain,https://climbtheladder.com/yacht-captain-interview-questions/,How often do you perform routine maintenance on the yacht?
Ferryboat Captain,https://climbtheladder.com/yacht-captain-interview-questions/,There is a conflict between two crew members. How do you handle it?
Ferryboat Captain,https://climbtheladder.com/yacht-captain-interview-questions/,How do you stay up-to-date with the latest safety regulations and procedures?
Ferryboat Captain,https://climbtheladder.com/yacht-captain-interview-questions/,What strategies have you used in the past to motivate crew members?
Ferryboat Captain,https://climbtheladder.com/yacht-captain-interview-questions/,"Do you have experience dealing with customs, immigration, and other port authorities?"
Ferryboat Captain,https://climbtheladder.com/yacht-captain-interview-questions/,What is your approach to customer service?
Ferryboat Captain,https://climbtheladder.com/yacht-captain-interview-questions/,Suppose a passenger asks for something that is outside of your job scope. How would you handle it?
Ferryboat Captain,https://climbtheladder.com/yacht-captain-interview-questions/,Are you familiar with the maritime laws applicable to yachts?
Pets Salesperson,https://worknearyou.ca/pet-valu-interview-questions/,Tell us about yourself?
Pets Salesperson,https://worknearyou.ca/pet-valu-interview-questions/,Do you have any experience working in retail?
Pets Salesperson,https://worknearyou.ca/pet-valu-interview-questions/,What do you want to work at Pet Valu?
Pets Salesperson,https://worknearyou.ca/pet-valu-interview-questions/,What should Pet Valu hire you?
Pets Salesperson,https://worknearyou.ca/pet-valu-interview-questions/,What hours can you work?
Pets Salesperson,https://worknearyou.ca/pet-valu-interview-questions/,What can you tell me about Pet Valu?
Pets Salesperson,https://worknearyou.ca/pet-valu-interview-questions/,Who are its competitors?
Pets Salesperson,https://worknearyou.ca/pet-valu-interview-questions/,How would you deal with a difficult customer?
Pets Salesperson,https://worknearyou.ca/pet-valu-interview-questions/,Tell us about a time you went above and beyond for a customer?
Pets Salesperson,https://worknearyou.ca/pet-valu-interview-questions/,Why is customer service so important?
Pets Salesperson,https://worknearyou.ca/pet-valu-interview-questions/,If you could be one animal what would it be?
Pets Salesperson,https://worknearyou.ca/pet-valu-interview-questions/,Why did you leave your last job?
Pets Salesperson,https://worknearyou.ca/pet-valu-interview-questions/,Where do you see yourself in five years?
Pets Salesperson,https://worknearyou.ca/pet-valu-interview-questions/,What motivates you?
Pets Salesperson,https://worknearyou.ca/pet-valu-interview-questions/,Do you have any questions for us?
Pets Salesperson,https://climbtheladder.com/pet-valu-interview-questions/,What do you know about Pet Valu?
Pets Salesperson,https://climbtheladder.com/pet-valu-interview-questions/,How would you handle an irate customer who is unhappy with the products they purchased?
Pets Salesperson,https://climbtheladder.com/pet-valu-interview-questions/,Do you have any experience working in a retail environment?
Pets Salesperson,https://climbtheladder.com/pet-valu-interview-questions/,Are you comfortable handling live animals in store?
Pets Salesperson,https://climbtheladder.com/pet-valu-interview-questions/,Have you ever had to deal with a difficult employee?
Pets Salesperson,https://climbtheladder.com/pet-valu-interview-questions/,Can you describe a time when you worked under pressure and gave exceptional service?
Pets Salesperson,https://climbtheladder.com/pet-valu-interview-questions/,What kind of experiences have you had dealing with disgruntled customers?
Pets Salesperson,https://climbtheladder.com/pet-valu-interview-questions/,Give us an example of a project or task you started from beginning to end. What was the outcome?
Pets Salesperson,https://climbtheladder.com/pet-valu-interview-questions/,How do you think you would fit into our company culture?
Pets Salesperson,https://climbtheladder.com/pet-valu-interview-questions/,Why should we hire you over another candidate?
Pets Salesperson,https://climbtheladder.com/pet-valu-interview-questions/,How would you go about selling additional items to a customer?
Pets Salesperson,https://climbtheladder.com/pet-valu-interview-questions/,Do you have any experience managing inventory?
Pets Salesperson,https://climbtheladder.com/pet-valu-interview-questions/,Would you be willing to work nights and weekends?
Pets Salesperson,https://climbtheladder.com/pet-valu-interview-questions/,If a customer came up to you looking for something specific but you were unable to find it where would you look next?
Pets Salesperson,https://climbtheladder.com/pet-valu-interview-questions/,"In your opinion, what makes a great pet owner?"
Pets Salesperson,https://climbtheladder.com/pet-valu-interview-questions/,How would you determine if a product was expired or damaged?
Pets Salesperson,https://climbtheladder.com/pet-valu-interview-questions/,What type of things would you say to encourage a new customer to come back to Pet Valu again?
Mining Excavator Backhoe Operator,https://www.mockquestions.com/position/Heavy+Equipment+Operator/,Learn more here. Question 1 of 39What kind of people do you enjoy working with?
Mining Excavator Backhoe Operator,https://www.mockquestions.com/position/Heavy+Equipment+Operator/,What kind of people do you enjoy working with?
Mining Excavator Backhoe Operator,https://www.mockquestions.com/position/Heavy+Equipment+Operator/,"After receiving information from your supervisor, how do you ensure you properly communicate this information to your team?"
Mining Excavator Backhoe Operator,https://www.mockquestions.com/position/Heavy+Equipment+Operator/,When have you worked amongst a diverse group of people?
Mining Excavator Backhoe Operator,https://www.mockquestions.com/position/Heavy+Equipment+Operator/,How do you handle a larger than average workload?
Mining Excavator Backhoe Operator,https://www.mockquestions.com/position/Heavy+Equipment+Operator/,"If you were given a choice, which work related task would you leave for last?"
Mining Excavator Backhoe Operator,https://www.mockquestions.com/position/Heavy+Equipment+Operator/,Would your former or current boss describe you as a worker who gladly goes the extra mile to complete their tasks?
Mining Excavator Backhoe Operator,https://www.mockquestions.com/position/Heavy+Equipment+Operator/,How would you react if your supervisor asked you to perform a task that you were not comfortable with?
Mining Excavator Backhoe Operator,https://www.mockquestions.com/position/Heavy+Equipment+Operator/,We are asking for 8 years of industry experience and you have just 5. Why do you think you are qualified for this position?
Mining Excavator Backhoe Operator,https://www.mockquestions.com/position/Heavy+Equipment+Operator/,"On a scale from 1 to 10, how honest are you?"
Mining Excavator Backhoe Operator,https://www.mockquestions.com/position/Heavy+Equipment+Operator/,What causes you to feel dissatisfied on the job?
Mining Excavator Backhoe Operator,https://www.mockquestions.com/position/Heavy+Equipment+Operator/,Would you say you are a better verbal or written communicator?
Mining Excavator Backhoe Operator,https://www.mockquestions.com/position/Heavy+Equipment+Operator/,What are your salary expectations?
Mining Excavator Backhoe Operator,https://www.mockquestions.com/position/Heavy+Equipment+Operator/,When have you had to make a split second decision?
Mining Excavator Backhoe Operator,https://www.mockquestions.com/position/Heavy+Equipment+Operator/,What decisions did you routinely make in your last position?
Mining Excavator Backhoe Operator,https://www.mockquestions.com/position/Heavy+Equipment+Operator/,How do you deal with conflict on your team?
Mining Excavator Backhoe Operator,https://www.mockquestions.com/position/Heavy+Equipment+Operator/,When have you used an inventive method to stretch company resources beyond the normal level?
Mining Excavator Backhoe Operator,https://www.mockquestions.com/position/Heavy+Equipment+Operator/,Why did you leave your last job?
Mining Excavator Backhoe Operator,https://www.mockquestions.com/position/Heavy+Equipment+Operator/,What is your availability?
Mining Excavator Backhoe Operator,https://www.mockquestions.com/position/Heavy+Equipment+Operator/,Tell me about a time when you received criticism from your manager. How did you react to that criticism?
Mining Excavator Backhoe Operator,https://www.mockquestions.com/position/Heavy+Equipment+Operator/,Tell me about a time that you naturally took on a leadership role without being asked. Did you enjoy being a leader?
Mining Excavator Backhoe Operator,https://www.mockquestions.com/position/Heavy+Equipment+Operator/,"As a Heavy Equipment Operator, you will be asked to work a variety of shifts. Do you have any restrictions on your availability?"
Mining Excavator Backhoe Operator,https://www.mockquestions.com/position/Heavy+Equipment+Operator/,Attention to detail is very important in this role. How do you ensure you remain focused and accurate at all times?
Mining Excavator Backhoe Operator,https://www.mockquestions.com/position/Heavy+Equipment+Operator/,This role will require full commitment in varying weather conditions. Do you have experience working in tough conditions?
Mining Excavator Backhoe Operator,https://www.mockquestions.com/position/Heavy+Equipment+Operator/,What steps do you take when a piece of equipment starts performing poorly?
Mining Excavator Backhoe Operator,https://www.mockquestions.com/position/Heavy+Equipment+Operator/,"In your opinion, what skills and behaviors are most important, in order to be a successful Heavy Equipment Operator?"
Mining Excavator Backhoe Operator,https://www.mockquestions.com/position/Heavy+Equipment+Operator/,What types of heavy machinery are you experienced in?
Mining Excavator Backhoe Operator,https://www.mockquestions.com/position/Heavy+Equipment+Operator/,How important is safety to you?
Mining Excavator Backhoe Operator,https://www.mockquestions.com/position/Heavy+Equipment+Operator/,"How would you fill your time, if faced with downtime during your working day?"
Mining Excavator Backhoe Operator,https://www.mockquestions.com/position/Heavy+Equipment+Operator/,"When you have a situation that could cause you to be unexpectedly absent from work, how do you handle it?"
Mining Excavator Backhoe Operator,https://www.mockquestions.com/position/Heavy+Equipment+Operator/,The role of Heavy Equipment Operator requires high amounts of physical activity. What experience have you had within a physically demanding role?
Mining Excavator Backhoe Operator,https://www.mockquestions.com/position/Heavy+Equipment+Operator/,Why do you want a career as a Heavy Equipment Operator?
Mining Excavator Backhoe Operator,https://www.mockquestions.com/position/Heavy+Equipment+Operator/,"When you suffer a setback, how does that emotionally affect you and your work?"
Mining Excavator Backhoe Operator,https://www.mockquestions.com/position/Heavy+Equipment+Operator/,"We measure productivity in a variety of ways. In your opinion, what are the most important performance metrics for this position?"
Mining Excavator Backhoe Operator,https://www.mockquestions.com/position/Heavy+Equipment+Operator/,Do you have experience working in a unionized environment?
Mining Excavator Backhoe Operator,https://www.mockquestions.com/position/Heavy+Equipment+Operator/,Why is this job right for you at this time in your career?
Mining Excavator Backhoe Operator,https://www.mockquestions.com/position/Heavy+Equipment+Operator/,What are your strengths?
Mining Excavator Backhoe Operator,https://www.mockquestions.com/position/Heavy+Equipment+Operator/,What are your weaknesses?
Mining Excavator Backhoe Operator,https://resumecat.com/career/equipment-operator/interview-questions,What are the main duties and responsibilities of an Equipment Operator?
Mining Excavator Backhoe Operator,https://resumecat.com/career/equipment-operator/interview-questions,What qualifications and experience are required for this position?
Mining Excavator Backhoe Operator,https://resumecat.com/career/equipment-operator/interview-questions,What type of equipment do you operate?
Mining Excavator Backhoe Operator,https://resumecat.com/career/equipment-operator/interview-questions,What are the safety procedures that you follow when operating equipment?
Mining Excavator Backhoe Operator,https://resumecat.com/career/equipment-operator/interview-questions,How do you ensure that the equipment is operated correctly and efficiently?
Mining Excavator Backhoe Operator,https://resumecat.com/interview-questions/equipment-operator,What are the main duties and responsibilities of an Equipment Operator?
Mining Excavator Backhoe Operator,https://resumecat.com/interview-questions/equipment-operator,What qualifications and experience are required for this position?
Mining Excavator Backhoe Operator,https://resumecat.com/interview-questions/equipment-operator,What type of equipment do you operate?
Mining Excavator Backhoe Operator,https://resumecat.com/interview-questions/equipment-operator,What are the safety procedures that you follow when operating equipment?
Mining Excavator Backhoe Operator,https://resumecat.com/interview-questions/equipment-operator,How do you ensure that the equipment is operated correctly and efficiently?
Air Control Electronics Operator,https://www.mockquestions.com/position/Air+Traffic+Controllers/,"Learn more here. Question 1 of 30When you suffer a setback, how does that emotionally affect you and your work?"
Air Control Electronics Operator,https://www.mockquestions.com/position/Air+Traffic+Controllers/,"When you suffer a setback, how does that emotionally affect you and your work?"
Air Control Electronics Operator,https://www.mockquestions.com/position/Air+Traffic+Controllers/,When would you be available to start?
Air Control Electronics Operator,https://www.mockquestions.com/position/Air+Traffic+Controllers/,Have you ever worked in a cross-functional environment?
Air Control Electronics Operator,https://www.mockquestions.com/position/Air+Traffic+Controllers/,What are your salary expectations?
Air Control Electronics Operator,https://www.mockquestions.com/position/Air+Traffic+Controllers/,"As an air traffic controller, you will be required to sign a confidentiality agreement. Have you ever broken a confidentiality agreement?"
Air Control Electronics Operator,https://www.mockquestions.com/position/Air+Traffic+Controllers/,We are asking for 8 years of industry experience and you have just 5. Why do you think you are qualified for this position?
Air Control Electronics Operator,https://www.mockquestions.com/position/Air+Traffic+Controllers/,How many days were you absent from work last year?
Air Control Electronics Operator,https://www.mockquestions.com/position/Air+Traffic+Controllers/,How do you handle a larger than average workload?
Air Control Electronics Operator,https://www.mockquestions.com/position/Air+Traffic+Controllers/,When have you worked with a diverse group of people?
Air Control Electronics Operator,https://www.mockquestions.com/position/Air+Traffic+Controllers/,What experience do you have using team-based messaging applications?
Air Control Electronics Operator,https://www.mockquestions.com/position/Air+Traffic+Controllers/,"With the ongoing changes in the airline and air traffic industries, how do you keep your knowledge current?"
Air Control Electronics Operator,https://www.mockquestions.com/position/Air+Traffic+Controllers/,Have you ever been involved in an emergency situation?
Air Control Electronics Operator,https://www.mockquestions.com/position/Air+Traffic+Controllers/,Being an air traffic controller is a stressful job. How do you handle stressful situations?
Air Control Electronics Operator,https://www.mockquestions.com/position/Air+Traffic+Controllers/,How do you like to be recognized for your accomplishments?
Air Control Electronics Operator,https://www.mockquestions.com/position/Air+Traffic+Controllers/,"As an air traffic controller, what are your strengths?"
Air Control Electronics Operator,https://www.mockquestions.com/position/Air+Traffic+Controllers/,"As an air traffic controller, what is your greatest weakness?"
Air Control Electronics Operator,https://www.mockquestions.com/position/Air+Traffic+Controllers/,This is your first job as an air traffic controller. How do you think you'll succeed?
Air Control Electronics Operator,https://www.mockquestions.com/position/Air+Traffic+Controllers/,Do you consider yourself a patient person?
Air Control Electronics Operator,https://www.mockquestions.com/position/Air+Traffic+Controllers/,Do you enjoy shift work?
Air Control Electronics Operator,https://www.mockquestions.com/position/Air+Traffic+Controllers/,Have you had to deal with an emergency situation in the tower before?
Air Control Electronics Operator,https://www.mockquestions.com/position/Air+Traffic+Controllers/,What do you like least about being an Air Traffic Controller?
Air Control Electronics Operator,https://www.mockquestions.com/position/Air+Traffic+Controllers/,How did you become interested in a career as an air traffic controller?
Air Control Electronics Operator,https://www.mockquestions.com/position/Air+Traffic+Controllers/,Where do you see your career going as an air traffic controller?
Air Control Electronics Operator,https://www.mockquestions.com/position/Air+Traffic+Controllers/,What qualities do you have that would make you a good air traffic controller?
Air Control Electronics Operator,https://www.mockquestions.com/position/Air+Traffic+Controllers/,Do you have any air traffic control experience outside of CTI school?
Air Control Electronics Operator,https://www.mockquestions.com/position/Air+Traffic+Controllers/,ATC's must remain calm at all times. What are your coping mechanisms in times of distress?
Air Control Electronics Operator,https://www.mockquestions.com/position/Air+Traffic+Controllers/,Why do you want to be an air traffic controller?
Halal Meat Packer,https://interviewprep.org/meat-packer-interview-questions/,Can you describe your past experience in meat packing or a similar field?
Halal Meat Packer,https://interviewprep.org/meat-packer-interview-questions/,What methods have you used in the past to ensure the quality of the meat you’re packing?
Halal Meat Packer,https://interviewprep.org/meat-packer-interview-questions/,How would you handle a situation where you notice a batch of meat is not up to standard?
Halal Meat Packer,https://interviewprep.org/meat-packer-interview-questions/,Can you discuss your understanding of the safety procedures in a meat packing environment?
Halal Meat Packer,https://interviewprep.org/meat-packer-interview-questions/,How would you manage your time efficiently during peak production hours?
Halal Meat Packer,https://interviewprep.org/meat-packer-interview-questions/,Can you describe a time when you had to work under pressure to meet a tight deadline?
Halal Meat Packer,https://interviewprep.org/meat-packer-interview-questions/,How proficient are you in using meat packing machinery and equipment?
Halal Meat Packer,https://interviewprep.org/meat-packer-interview-questions/,What strategies would you use to maintain cleanliness and hygiene in the workplace?
Halal Meat Packer,https://interviewprep.org/meat-packer-interview-questions/,How familiar are you with the regulations and standards for meat packing?
Halal Meat Packer,https://interviewprep.org/meat-packer-interview-questions/,Can you explain how you would ensure proper storage of meat to prevent contamination?
Halal Meat Packer,https://interviewprep.org/meat-packer-interview-questions/,What steps would you take if you noticed a fellow worker not following safety guidelines?
Halal Meat Packer,https://interviewprep.org/meat-packer-interview-questions/,How would you handle a situation if you were injured on the job?
Halal Meat Packer,https://interviewprep.org/meat-packer-interview-questions/,"Have you ever had to deal with a workplace conflict, and if so, how did you resolve it?"
Halal Meat Packer,https://interviewprep.org/meat-packer-interview-questions/,Can you discuss your understanding of proper meat handling and storage procedures?
Halal Meat Packer,https://interviewprep.org/meat-packer-interview-questions/,How would you react if a batch of meat was accidentally dropped or mishandled?
Halal Meat Packer,https://interviewprep.org/meat-packer-interview-questions/,Can you describe a time when you had to make a critical decision quickly?
Halal Meat Packer,https://interviewprep.org/meat-packer-interview-questions/,What steps would you take to ensure accurate inventory management?
Halal Meat Packer,https://interviewprep.org/meat-packer-interview-questions/,How would you handle repetitive tasks without compromising on quality or speed?
Halal Meat Packer,https://interviewprep.org/meat-packer-interview-questions/,Have you ever had to implement a new process or procedure in your previous roles?
Halal Meat Packer,https://interviewprep.org/meat-packer-interview-questions/,Can you discuss your experience with physically demanding work?
Halal Meat Packer,https://interviewprep.org/meat-packer-interview-questions/,What measures would you take to ensure you meet daily production targets?
Halal Meat Packer,https://interviewprep.org/meat-packer-interview-questions/,How would you manage your work in a cold environment for extended periods?
Halal Meat Packer,https://interviewprep.org/meat-packer-interview-questions/,How familiar are you with different types of meat and their specific packing requirements?
Halal Meat Packer,https://interviewprep.org/meat-packer-interview-questions/,Can you discuss any training or certifications you have that are relevant to this role?
Halal Meat Packer,https://interviewprep.org/meat-packer-interview-questions/,How would you handle a situation where you are required to work overtime or on weekends?
Halal Meat Packer,https://interviewprep.org/meat-packer-interview-questions/,What steps would you take to ensure the correct labeling and coding of packages?
Halal Meat Packer,https://interviewprep.org/meat-packer-interview-questions/,How would you maintain your focus during long shifts?
Halal Meat Packer,https://interviewprep.org/meat-packer-interview-questions/,Can you describe a time when you identified and reported a potential hazard in the workplace?
Halal Meat Packer,https://interviewprep.org/meat-packer-interview-questions/,How would you handle a situation where the machinery malfunctions during a busy shift?
Halal Meat Packer,https://interviewprep.org/meat-packer-interview-questions/,Can you discuss your experience working in a team-oriented environment?
